"","Interaction_Estimate","SD","lower","upper","Rhat","Significance","BPV.dom","BPV.sub","Chat.dom","Chat.sub","Species_Pair"
"a5",-0.0666207850790338,0.0444704833726344,-0.170097585432317,0.00729237785426367,1.00697305076475,"Non-Significant",0.296666666666667,0.199133333333333,1.04179581914382,1.02975598558633,"SUB-Neofelis_genus~DOM-Lophura_ignita"
