"","Interaction_Estimate","SD","lower","upper","Rhat","Significance","BPV.dom","BPV.sub","Chat.dom","Chat.sub","Species_Pair"
"a5",1.02290428532703,0.250499940465758,0.561405534369771,1.52478922389617,1.00345939439097,"Significant",0.385066666666667,0.360166666666667,1.02034366553289,1.00954164962497,"SUB-Cuon_alpinus~DOM-Trichys_fasciculata"
