"","Interaction_Estimate","SD","lower","upper","Rhat","Significance","BPV.dom","BPV.sub","Chat.dom","Chat.sub","Species_Pair"
"a5",0.2039192754619,0.0523927962949757,0.0987335106646217,0.303909557285145,1.00024395830783,"Significant",0.201933333333333,0.730733333333333,0.993306945280569,1.08735368611657,"SUB-Muntiacus_genus~DOM-Panthera_pardus"
