"","Interaction_Estimate","SD","lower","upper","Rhat","Significance","BPV.dom","BPV.sub","Chat.dom","Chat.sub","Species_Pair"
"a5",-0.2672028018125,0.0859534852258814,-0.443080822553187,-0.108855257805929,1.00001244673934,"Significant",0.372933333333333,0.189166666666667,1.09476490226153,1.00438365927126,"SUB-Panthera_pardus~DOM-Macaca_nemestrina"
