"","Interaction_Estimate","SD","lower","upper","Rhat","Significance","BPV.dom","BPV.sub","Chat.dom","Chat.sub","Species_Pair"
"a5",-0.107156597265456,0.327570606360242,-0.501324494475547,0.403769028845943,6.74974834481888,"Non-Significant",0.312266666666667,0.148166666666667,1.03627593475583,1.01956022301176,"SUB-Helarctos_malayanus~DOM-Panthera_tigris"
